strategy,operation,num_records,total_seconds,avg_latency_seconds,cpu_percent,disk_read_bytes,disk_write_bytes,disk_read_ops,disk_write_ops
A-single,write,100000,0.341030,0.000003410,20.5,12288,8192,2,1
B-chunked,write,100000,0.385977,0.000003860,20.2,0,0,0,0
C-individual,write,100000,1.737561,0.000017376,24.2,28672,290615296,6,2363
A-single,seq-read,100000,0.573108,0.000005731,23.2,0,0,0,0
B-chunked,seq-read,100000,0.670140,0.000006701,10.9,0,0,0,0
C-individual,seq-read,100000,0.767846,0.000007678,12.9,0,0,0,0
A-single,rand-read,1000,0.006674,0.000006674,8.3,0,0,0,0
B-chunked,rand-read,1000,0.007797,0.000007797,7.7,0,0,0,0
C-individual,rand-read,1000,0.007661,0.000007661,13.3,0,0,0,0
